1;"Paracetamol, léčivá látka přípravku Paralen 500 tablety, působí proti bolesti a snižuje zvýšenou tělesnou teplotu. Tablety Paralen 500 nezhoršují žaludeční potíže a nevyvolávají zvracení, mohou je užít i nemocní se žaludečními a dvanáctníkovými vředy a nemocní, kteří nesnášejí kyselinu acetylsalicylovou.
Tablety Paralen 500 jsou určeny ke snížení horečky a bolesti při chřipce, nachlazení a jiných infekčních onemocněních.
Tablety Paralen 500 jsou také vhodné při bolestech různého původu, např. při bolestech hlavy, zubů, bolestivé menstruaci, bolesti v krku a bolesti pohybového ústrojí provázející chřipku a nachlazení.
Paralen 500 je určen pro dospělé, mladistvé a děti od 6 let věku.";"Neužívejte přípravek PARALEN 500 pokud
jste alergický/á (přecitlivělý/á) na účinnou látku nebo na některou pomocnou látku přípravku,
máte vážné onemocnění jater nebo akutní zánět jater
máte typ chudokrevnosti zvaný hemolytická anémie
Pokud si nejste jisti, zda se vás uvedené týká, poraďte se se svým lékařem.
Vzhledem k vysokému obsahu účinné látky nejsou tablety Paralen 500 vhodné pro děti mladší než 6 let (nebo pro děti s tělesnou hmotností menší než 20 kg).
Zvláštní opatrnosti při použití přípravku PARALEN 500 je zapotřebí
Před podáním přípravku konzultujte lékaře, pokud
máte nedostatek enzymu glukóza-6-fosfát dehydrogenáza
současně užíváte léky ovlivňující funkci jater
máte vážné onemocnění ledvin
Pokud si nejste jisti, zda se vás uvedené týká, poraďte se se svým lékařem.
O vhodnosti současného užívání tablet Paralen 500 s jinými léky proti bolesti a nachlazení se
poraďte s lékařem.
Užívání vyšších než doporučených dávek může vést k riziku závažného poškození jater.
Neužívejte tento přípravek bez doporučení lékaře, pokud trpíte jaterním onemocněním a/nebo užívate jakákoliv jiná léčiva obsahující paracetamol.
Při onemocnění ledvin je možno užívat Paralen 500 tablety pouze po poradě s lékařem.
Vzájemné působení s dalšími léčivými přípravky
Účinky tablet Paralen 500 a jiných léků současně užívaných se mohou navzájem ovlivňovat.
Současné užívání tablet Paralen 500 a některých léků na spaní, léků proti epilepsii, některých antibiotik nebo současné pití alkoholu může způsobit poškození jater. V případě, že užíváte jiné léky, a to na lékařský předpis i bez něj, poraďte se o vhodnosti současného užívání tablet
Paralen 500 s lékařem a bez porady s ním je neužívejte.
V případě předepisování jiných léků upozorněte lékaře, že užíváte Paralen 500 tablety.
Užívání přípravku PARALEN 500 s jídlem a pitím
Jestliže se během léčby objeví zažívací obtíže, podávejte lék během jídla.
Během léčby nesmíte pít alkoholické nápoje.
Těhotenství a kojení
Poraďte se se svým lékařem nebo lékárníkem dříve, než začnete užívat jakýkoliv lék.
Těhotné ženy mohou užívat tablety Paralen 500 jen po poradě s lékařem. Kojící ženy mohou přípravek užívat 1 den, déle než 1 den mohou přípravek užívat pouze po poradě s lékařem.
Řízení dopravních prostředků a obsluha strojů
Přípravek neovlivňuje činnosti vyžadující zvýšenou pozornost (řízení motorových vozidel, obsluha strojů, práce ve výškách).";"Neužívejte přípravek PARALEN 500 pokud
jste alergický/á (přecitlivělý/á) na účinnou látku nebo na některou pomocnou látku přípravku,
máte vážné onemocnění jater nebo akutní zánět jater
máte typ chudokrevnosti zvaný hemolytická anémie
Pokud si nejste jisti, zda se vás uvedené týká, poraďte se se svým lékařem.
Vzhledem k vysokému obsahu účinné látky nejsou tablety Paralen 500 vhodné pro děti mladší než 6 let (nebo pro děti s tělesnou hmotností menší než 20 kg).
Zvláštní opatrnosti při použití přípravku PARALEN 500 je zapotřebí
Před podáním přípravku konzultujte lékaře, pokud
máte nedostatek enzymu glukóza-6-fosfát dehydrogenáza
současně užíváte léky ovlivňující funkci jater
máte vážné onemocnění ledvin
Pokud si nejste jisti, zda se vás uvedené týká, poraďte se se svým lékařem.
O vhodnosti současného užívání tablet Paralen 500 s jinými léky proti bolesti a nachlazení se
poraďte s lékařem.
Užívání vyšších než doporučených dávek může vést k riziku závažného poškození jater.
Neužívejte tento přípravek bez doporučení lékaře, pokud trpíte jaterním onemocněním a/nebo užívate jakákoliv jiná léčiva obsahující paracetamol.
Při onemocnění ledvin je možno užívat Paralen 500 tablety pouze po poradě s lékařem.
Vzájemné působení s dalšími léčivými přípravky
Účinky tablet Paralen 500 a jiných léků současně užívaných se mohou navzájem ovlivňovat.
Současné užívání tablet Paralen 500 a některých léků na spaní, léků proti epilepsii, některých antibiotik nebo současné pití alkoholu může způsobit poškození jater. V případě, že užíváte jiné léky, a to na lékařský předpis i bez něj, poraďte se o vhodnosti současného užívání tablet
Paralen 500 s lékařem a bez porady s ním je neužívejte.
V případě předepisování jiných léků upozorněte lékaře, že užíváte Paralen 500 tablety.
Užívání přípravku PARALEN 500 s jídlem a pitím
Jestliže se během léčby objeví zažívací obtíže, podávejte lék během jídla.
Během léčby nesmíte pít alkoholické nápoje.
Těhotenství a kojení
Poraďte se se svým lékařem nebo lékárníkem dříve, než začnete užívat jakýkoliv lék.
Těhotné ženy mohou užívat tablety Paralen 500 jen po poradě s lékařem. Kojící ženy mohou přípravek užívat 1 den, déle než 1 den mohou přípravek užívat pouze po poradě s lékařem.
Řízení dopravních prostředků a obsluha strojů
Přípravek neovlivňuje činnosti vyžadující zvýšenou pozornost (řízení motorových vozidel, obsluha strojů, práce ve výškách).";"Podobně jako všechny léky, může i PARALEN 500 způsobit nežádoucí účinky, které se ale nemusí vyskytnout u každého.
Tablety Paralen 500 v doporučeném dávkování vyvolávají nežádoucí účinky jen zřídka. U citlivějších jedinců se mohou vyskytnout alergické reakce, např. kožní vyrážky.
Pokud se kterýkoli z nežádoucích účinků vyskytne v závažné míře, nebo pokud si všimnete jakýchkoli nežádoucích účinků, které nejsou uvedeny v této příbalové informaci, prosím, sdělte to svému lékaři nebo lékárníkovi.";"Přípravek nesmí být používán po uplynutí doby použitelnosti vyznačené na obalu.
Přípravek musí být uchováván mimo dosah a dohled dětí.
Uchovávejte při teplotě do 25 oC, v původním vnitřním obalu, vnitřní obal v krabičce, aby byl přípravek chráněn před světlem.
Léčivé přípravky se nesmí vyhazovat do odpadních vod nebo domácího odpadu. Zeptejte se svého lékárníka, jak máte likvidovat přípravky, které již nepotřebujete. Tato opatření pomáhají chránit životní prostředí.";"Co přípravek PARALEN 500 obsahuje
Léčivá látka: Paracetamol 500 mg v 1 tabletě
Pomocné látky: Předbobtnalý kukuřičný škrob, povidon 30, sodná sůl kroskarmelosy, kyselina
stearová.
Jak přípravek PARALEN 500 vypadá a co obsahuje toto balení
Popis: Bílé, až téměř bílé tablety s půlicí rýhou, velikosti 18 x 8 mm, s půlící rýhou na jedné
straně a vyraženým nápisem PARALEN na druhé straně.
Velikost balení: 10, 12, 20 a 24 tablet
Držitel rozhodnutí o registraci a výrobce:
Zentiva, k.s., Praha, Česká republika
Tato příbalová informace byla naposledy schválena
16.4.2010"
2;"Léčivá látka přípravku Olynth 0,1%, xylometazolin-hydrochlorid, způsobuje v místě svého účinku stažení cév, tím snižuje otok sliznic a následně usnadňuje dýchání nosem a zlepšuje uvolnění hlenů.
K nástupu účinku obvykle dochází za 5-10 minut.
Přípravek Olynth 0,1% je určen ke snížení otoku nosní sliznice při akutní rýmě, při nadměrné tvorbě hlenu způsobené vazomotorickou rýmou a při alergické rýmě.
Přípravek Olynth 0,1% je rovněž určen k urychlení uvolnění hlenů při zánětu vedlejších dutin nosních a při zánětu Eustachovy trubice provázeného rýmou.
Olynth 0,1% je určen k léčbě dospělých a dětí od 7 let.";"Léčivá látka přípravku Olynth 0,1%, xylometazolin-hydrochlorid, způsobuje v místě svého účinku stažení cév, tím snižuje otok sliznic a následně usnadňuje dýchání nosem a zlepšuje uvolnění hlenů.
K nástupu účinku obvykle dochází za 5-10 minut.
Přípravek Olynth 0,1% je určen ke snížení otoku nosní sliznice při akutní rýmě, při nadměrné tvorbě hlenu způsobené vazomotorickou rýmou a při alergické rýmě.
Přípravek Olynth 0,1% je rovněž určen k urychlení uvolnění hlenů při zánětu vedlejších dutin nosních a při zánětu Eustachovy trubice provázeného rýmou.
Olynth 0,1% je určen k léčbě dospělých a dětí od 7 let.";"Přípravek Olynth 0,1% používejte vždy přesně podle pokynů lékaře. Pokud si nejste jistý/á, poraďte se se svým lékařem nebo lékárníkem.
Pokud lékař nedoporučí jinak, dospělým a dětem od 7 let se přípravek podává podle potřeby, nejvýše však 3x denně 1 dávka přípravku Olynth 0,1% nosního spreje do každé nosní dírky. Dávkování závisí na citlivosti nemocného a na účinku přípravku. Bez porady s lékařem nepoužívejte přípravek Olynth 0,1% déle než 5-7 dní. Jestliže se do této doby příznaky onemocnění nezlepší, nebo se naopak zhoršují, nebo se vyskytnou nežádoucí účinky nebo nějaké neobvyklé reakce, poraďte se o dalším používání přípravku s lékařem. Delší používání než 5-7 dní je možné pouze po poradě s lékařem.
K dalšímu používání přípravku smí dojít pouze po několikadenní přestávce.
Používání přípravku Olynth 0,1% u chronické rýmy je povoleno pouze pod dohledem lékaře vzhledem
k nebezpečí ztenčení nosní sliznice.
Návod k použití
Odstraňte ochranný kryt. Před prvním použitím několikrát stiskněte pumpičku, dokud se poprvé neobjeví souvislý obláček aerosolu. Nosní sprej je tímto připraven k dalšímu použití. Při aplikaci stiskněte pouze jednou pumpičku a lehce vdechněte nosem. Lahvičku s přípravkem držte svisle.
Nevstřikujte si dávku přípravku držením nosního spreje ve vodorovné poloze nebo v poloze dnem lahvičky vzhůru. Po použití nasaďte opět na pumpičku ochranný kryt.
Jestliže jste použil/a více přípravku Olynth 0,1%, než jste měl/a
Při předávkování nebo neúmyslném požití přípravku může dojít k těmto příznakům: rozšíření zornic (mydriáze), nucení na zvracení, zvracení, modravému zabarvení rtů (cyanóze), horečce, křečím, oběhovým poruchám (zrychlení tepu, poruchám srdečního rytmu, oběhovému selhání, srdeční zástavě, zvýšení krevního tlaku), poruchám funkce plic (otoku plic, poruchám dýchání) a poruchám nálady.
Může dojít též k ospalosti, snížení tělesné teploty, zpomalení srdečního tepu, poklesu krevního tlaku až napodobující šok, přerušení dýchání a bezvědomí.
Při těchto obtížích je nutné ihned vyhledat lékaře! Jako první pomoc je možné podat živočišné uhlí.
Máte-li jakékoli další otázky, týkající se používání tohoto přípravku, zeptejte se svého lékaře nebo lékárníka.";"Podobně jako všechny léky, může mít i přípravek Olynth 0,1% nežádoucí účinky, které se však nemusí
vyskytnout u každého.
Dýchací systém
U citlivých nemocných může přípravek Olynth 0,1% způsobit příznaky dráždění sliznice přechodného a mírného charakteru, které se projeví jako pálení v nose nebo suchost nosní sliznice. V ojedinělých případech může dojít ke zvýšenému otoku nosní sliznice po odeznění účinku léku.
Nervový systém
Ve velmi vzácných případech se mohou vyskytnout bolesti hlavy, nespavost nebo únava.
Oběhový systém
Ojediněle až vzácně se mohou dostavit účinky přípravku na srdce a krevní oběh, jako např. bušení srdce, zrychlený tep a zvýšení krevního tlaku.
Dlouhodobé nebo časté používání vyšších dávek přípravku Olynth 0,1% může vést k pocitům pálení v nose nebo suchosti sliznic, ale i k překrvení sliznic, které se zhoršuje s nadměrným používáním léku (tzv. rhinitis medicamentosa). K tomuto účinku může dojít i 5 dnů po ukončení léčby - dlouhodobé podávání přípravku může vést k trvalému poškození sliznice, pocitu sucha a šimrání v nose s tvorbou strupů a drobným krvácením po jejich odloučení (rhinitis sicca).
Pokud se kterýkoli z nežádoucích účinků vyskytne v závažné míře, nebo pokud si všimnete jakýchkoli nežádoucích účinků, které nejsou uvedeny v této příbalové informaci, prosím, sdělte to svému lékaři nebo lékárníkovi.";Uchovávejte mimo dosah a dohled dětí.;"Co přípravek Olynth 0,1% obsahuje
Léčivou látkou je xylometazolini hydrochloridum (xylometazolin-hydrochlorid) 1 mg (0,1%) v 1 ml roztoku.
Pomocnými látkami jsou: roztok benzalkonium-chloridu, dihydrát dinatrium-edetátu, dihydrát dihydrogenfosforečnanu sodného, dihydrát hydrogenfosforečnanu sodného, chlorid sodný, sorbitol 70% krystalizující, čištěná voda.
Jak přípravek Olynth 0,1% vypadá a co obsahuje toto balení
Přípravek je vyráběn v lékové formě nosního spreje, je balen ve skleněné lahvičce s dávkovacím zařízením.
Velikost balení: 10 ml
Držitel rozhodnutí o registraci
McNeil Products Limited
c/o Johnson & Johnson,
Foundation Park, Roxborough Way
Maidenhead, Berkshire
SL6 3UG, Velká Británie
Výrobce
FAMAR ORLÉANS
5, Avenue de Concyr
45071 Orléans Cedex 2
Francie
Další informace o tomto přípravku získáte u místního zástupce držitele rozhodnutí o registraci:
Johnson&Johnson s.r.o., Karla Engliše 3201/6, 15000 Praha 5, tel. 227 012 111, www.jnjcz.cz
Tato příbalová informace byla naposledy schválena
5.11. 2009
--------------------"
3;"Přípravek Ibalgin 400 obsahuje léčivou látku ibuprofen, která patří do skupiny tzv. nesteroidních protizánětlivých léčiv. Zabraňuje tvorbě tkáňových působků, tzv. prostaglandinů, které jsou odpovědné za vznik bolesti a zánětu a uvolňují se v místě poškození tkáně. Ibuprofen zmírňuje bolest a zánět různého původu. Ibuprofen rovněž tlumí horečku, která provází např. nemoci z nachlazení.
Přípravek Ibalgin 400 se užívá např. při bolesti hlavy, zubů, zad, při bolestivé menstruaci, při bolesti svalů a kloubů provázející chřipková onemocnění, při poranění měkkých tkání, jako je pohmoždění a podvrtnutí.
Dále se Ibalgin 400 užívá při horečnatých stavech při chřipkových onemocněních a jako doplňková léčba horečnatých stavů při jiných onemocněních.
V případě zánětlivých a degenerativních onemocnění kloubů a páteře (artritidě a artróze) nebo měkkých tkání pohybového ústrojí provázených bolestivostí, zarudnutím, otokem a kloubní ztuhlostí se přípravek používá pouze na doporučení lékaře.
Přípravek je vzhledem k množství léčivé látky v jedné tabletě určen pro dospělé a dospívající od 12 let. Pro děti ve věku 6–12 let je vhodný přípravek s obsahem 200 mg ibuprofenu (Ibalgin 200), dětem do 6 let věku je určen ibuprofen v suspenzi (Ibalgin Baby).";"Neužívejte přípravek Ibalgin 400
jestliže jste alergický(á) na ibuprofen (léčivá látka přípravku Ibalgin 400) nebo na kteroukoli další složku tohoto přípravku (uvedenou v bodě 6),
jestliže jste alergický(á) na kyselinu acetylsalicylovou nebo některé jiné nesteroidní protizánětlivé léky, projevující se jako průduškové astma nebo kopřivka,
jestliže máte aktivní nebo opakující se vřed nebo krvácení do žaludku nebo dvanáctníku,
při krvácení nebo proděravení v zažívacím traktu způsobených nesteroidními protizánětlivými léky v minulosti,
jestliže trpíte poruchou krvetvorby nebo poruchou krevní srážlivosti,
jestliže máte závažné srdeční selhání.
Přípravek nesmí užívat ženy v třetím trimestru těhotenství.
Upozornění a opatření
Před užitím přípravku Ibalgin 400 se poraďte se svým lékařem nebo lékárníkem, pokud:
trpíte těžší poruchou ledvin nebo jater,
trpíte průduškovým astmatem i v klidovém stavu,
trpíte některým onemocněním pojivové tkáně (tzv. kolagenózy),
jste prodělal(a) vředovou chorobu žaludku nebo dvanáctníku,
trpíte zánětlivým vředovým onemocněním trávicího ústrojí jako např. Crohnova choroba nebo ulcerózní kolitida,
současně užíváte léky snižující srážení krve,
máte srdeční obtíže včetně srdečního selhání, anginy pectoris (bolest na hrudi), nebo pokud jste prodělali srdeční infarkt, jste po operaci srdce pomocí bypassu, trpíte onemocněním periferních tepen (špatný krevní oběh v nohou kvůli zúženým nebo ucpaným tepnám) nebo jste prodělali jakýkoli druh cévní mozkové příhody (včetně mozkové „mini“ mrtvice neboli tranzitorní ischemické ataky „TIA“),
máte vysoký krevní tlak, cukrovku, vysoký cholesterol, máte v rodinné anamnéze srdeční onemocnění nebo cévní mozkovou příhodu, nebo pokud jste kuřák/kuřačka,
Pokud se Vás týká některý z výše uvedených bodů, užívejte přípravek pouze na doporučení lékaře.
Protizánětlivá/analgetická léčiva, jako je ibuprofen, mohou působit mírné zvýšení rizika srdečních nebo cévních mozkových příhod, především pokud jsou užívána ve vysokých dávkách. Proto nepřekračujte doporučenou dávku ani délku léčby.
Přípravek Ibalgin 400 by se neměl užívat současně s jinými nesteroidními protizánětlivými léky. U pacientů, u kterých se v minulosti vyskytl vřed žaludku nebo dvanáctníku, především pokud byla vředová choroba komplikována krvácením nebo perforací zažívacího traktu, dále u starších pacientů a také u pacientů vyžadujících současnou léčbu nízkými dávkami kyseliny acetylsalicylové, by mělo být zváženo podání léků chránících sliznici žaludku a dvanáctníku.
V průběhu léčení se ojediněle může vyskytnout krvácení ze zažívacího traktu, vřed nebo perforace. Vznik těchto stavů může, ale nemusí být provázen varovnými příznaky. Riziko vzniku krvácení, vředu nebo perforace v zažívacím traktu se zvyšuje se stoupající dávkou léku. Závažnost těchto
poruch je obecně vyšší u starších pacientů. Pokud se u pacienta léčeného přípravkem Ibalgin 400 objeví krvácení ze zažívacího traktu, musí být
přípravek Ibalgin 400 vysazen.
Během léčby není vhodné kouřit.
Přípravek Ibalgin 400 není vzhledem k množství léčivé látky v jedné tabletě určen dětem do 12 let.
Dospívající (12–18 let)
U dehydrovaných dospívajících existuje riziko poruchy funkce ledvin.
Další léčivé přípravky a přípravek Ibalgin 400
Informujte svého lékaře nebo lékárníka o všech lécích, které užíváte, které jste v nedávné době užíval(a) nebo které možná budete užívat.
Zejména se poraďte před podáním přípravku s lékařem, pokud užíváte:
Antikoagulancia/antiagregancia (tj. přípravky ředící krev/bránící jejímu srážení, např. kyselina acetylsalicylová, warfarin, ticlopidin).
Léky snižující srážlivost krve zvyšují riziko krvácení. Kyselina acetylsalicylová a jiné protizánětlivé léky, kortikoidy a léky proti depresi ze skupiny SSRI zvyšují riziko vzniku nežádoucích účinků v oblasti zažívacího ústrojí včetně krvácení a vzniku žaludečního vředu. 
Léčiva snižující vysoký krevní tlak (ACE-inhibitory, jako je captopril, beta-blokátory jako atenolol, antagonisté receptoru angiotensinu-II, jako je losartan).
Ibuprofen může zvýšit hladinu lithia, digoxinu a fenytoinu (léku užívaného k léčbě epilepsie) v krvi, a tím zvýšit jejich nežádoucí účinky.
Ibuprofen může snižovat účinek léků používaných k léčení vysokého krevního tlaku a močopudných léků
Ibuprofen snižuje účinek léků snižujících hladinu kyseliny močové v krvi (např. probenecid, sulfinpyrazon).
Léčivá látka ibuprofen může zvýšit toxicitu metotrexátu (léku proti rakovině a některým kloubním onemocněním) a baklofenu (léku snižujícího svalové napětí).
Ibuprofen může zvýšit poškození ledvin způsobené podáváním cyklosporinu (léku užívaného po transplantaci).
Při současném podávání s kalium šetřícími močopudnými léky může dojít ke zvýšení hladiny draslíku v krvi.
Při současném podávání chinolonových antibiotik a nesteroidních antirevmatik se může zvýšit riziko vzniku křečí.
Některá další léčiva mohou rovněž ovlivňovat nebo být ovlivňována léčbou přípravkem Ibalgin 400. Proto byste se vždy měli poradit se svým lékařem nebo lékárníkem, než začnete přípravek
Ibalgin 400 užívat s jinými léčivy.
Přípravek Ibalgin 400 s jídlem, pitím a alkoholem
Potahované tablety se polykají celé, zapijí se dostatečným množstvím tekutiny. Jestliže se během léčby objeví zažívací obtíže, lék užívejte během jídla nebo jej zapijte mlékem.
Během léčby není vhodné pít alkoholické nápoje.
Těhotenství, kojení a plodnost
Pokud jste těhotná nebo kojíte, domníváte se, že můžete být těhotná, nebo plánujete otěhotnět, poraďte se se svým lékařem nebo lékárníkem dříve, než začnete tento přípravek užívat. V prvním a druhém trimestru těhotenství a při kojení užívejte přípravek pouze na výslovné doporučení lékaře. Ženy, které chtějí otěhotnět, se musí o užívání přípravku poradit s lékařem.
Přípravek nesmí užívat ženy v třetím trimestru těhotenství.
Řízení dopravních prostředků a obsluha strojů
Přípravek neovlivňuje pozornost.";"Vždy užívejte tento přípravek přesně v souladu s příbalovou informací nebo podle pokynů svého lékaře nebo lékárníka. Pokud si nejste jistý(á), poraďte se se svým lékařem nebo lékárníkem.
I. Doporučené dávkování při bolestech, při horečnatých onemocněních:
Dospělí a dospívající nad 12 let užívají obvykle 1 potahovanou tabletu Ibalgin 400 3krát denně, a to 1 potahovanou tabletu jednorázově nebo podle potřeby, nejvýše 3 potahované tablety denně.
Odstup mezi jednotlivými dávkami je nejméně 4 hodiny.
Dospělí
Pokud se Vaše příznaky při léčbě přípravkem Ibalgin 400 zhorší nebo se nezlepší do 3 dnů v případě horečky a do 5 dnů v případě bolesti, poraďte se o dalším postupu s lékařem. Bez porady s lékařem neužívejte přípravek déle než 7 dní.
Dospívající
Pokud je u dospívajících nutné podávat tento léčivý přípravek déle než 3 dny nebo pokud se zhorší příznaky onemocnění, je třeba vyhledat lékaře.
II. Doporučené dávkování při léčbě zánětlivých a degenerativních onemocnění kloubů a páteře nebo mimokloubního revmatismu
Přípravek se u těchto onemocnění užívá na doporučení lékaře, který stanoví i dávkování.
Dospělí a dospívající od 12 let obvykle užívají 1–2 potahované tablety Ibalgin 400 3krát denně.
Odstup mezi jednotlivými dávkami je nejméně 4 hodiny. Účinek tablet můžete podpořit nanesením krému nebo gelu s obsahem ibuprofenu na postižené místo (např. klouby, svaly, šlachy, záda). Pokud se při léčení revmatických onemocnění, nedostaví v průběhu jednoho až dvou týdnů zlepšení, poraďte se s lékařem o dalším postupu. Potahované tablety se polykají celé, zapijí se dostatečným množstvím tekutiny. Jestliže se během léčby objeví zažívací obtíže, lék užívejte během jídla nebo jej zapijte mlékem.
Jestliže jste užil(a) více přípravku Ibalgin 400, než jste měl(a)
Při předávkování nebo náhodném požití potahovaných tablet dítětem vyhledejte lékaře.
Jestliže jste zapomněl(a) užít přípravek Ibalgin 400
Pokud zapomenete vzít si tabletu přípravku Ibalgin 400, užijte ji, jakmile si vzpomenete. Mezi jednotlivými dávkami musí být minimální časový odstup 4 hodin. Nezdvojnásobujte následující dávku, abyste nahradil(a) vynechanou dávku.
Máte-li jakékoli další otázky týkající se užívání tohoto přípravku, zeptejte se svého lékaře nebo lékárníka.";"Podobně jako všechny léky může mít i tento přípravek nežádoucí účinky, které se ale nemusí vyskytnout u každého.
Při užívání ibuprofenu (léčivé látky přípravku Ibalgin 400) se mohou vyskytnout následující nežádoucí účinky, které jsou seřazeny dle četnosti výskytu:
Velmi časté (mohou postihnout více než 1 pacienta z 10): pocit na zvracení, zvracení, pálení žáhy,
průjem, zácpa, nadýmání.
Časté (mohou postihnout až 1 pacienta z 10): bolest v nadbřišku.
Méně časté (mohou postihnout až 1 pacienta ze 100): bolest hlavy, závrať.
Vzácné (mohou postihnout až 1 pacienta z 1 000): zánět sliznice žaludku, žaludeční nebo dvanáctníkový vřed, krvácení z trávicího traktu (projevuje se jako černá stolice v důsledku natrávené krve nebo krev ve stolici)
proděravění sliznice trávicího traktu, alergické reakce jako horečka, vyrážka, poškození jater, srdeční selhávání, otoky, sterilní zánět mozkových plen zúžení
průdušek  zánět slinivky břišní, poruchy vidění a vnímaní barev, tupozrakost, poškození jaterních funkcí
Velmi vzácné (mohou postihnout až 1 pacienta z 10 000): zánět sliznice ústní dutiny provázený vznikem vředů (ulcerózní stomatitida), nové vzplanutí zánětlivých onemocnění s tvorbou vředů na sliznici trávicího traktu (Crohnova choroba, ulcerózní kolitida), pokles počtu krvinek nebo krevních destiček, zadržení vody a/nebo soli s otoky, nespavost, deprese, emoční labilita, palpitace (bušení srdce vnímané pacientem), snížení krevního tlaku, vysoký krevní tlak, zánět močového měchýře, přítomnost krve v moči, porucha funkce ledvin, zánět ledvin, nefrotický syndrom (soubor příznaků při onemocnění ledvin), puchýřovité kožní reakce.
Není známo (z dostupných údajů nelze určit): porucha sluchu.
Tyto nežádoucí účinky mohou, ale nemusí být provázeny varovnými příznaky. Riziko vzniku těchto nežádoucích účinků stoupá se zvyšující se dávkou, je vyšší u starších pacientů, u osob, u  kterých se v minulosti vyskytl žaludeční či dvanáctníkový vřed (zejména spojený s krvácením nebo perforací sliznice žaludku či dvanáctníku), dále u pacientů léčených dlouhodobě kyselinou acetylsalicylovou pro snížení srážlivosti krve. U těchto pacientů může lékař navrhnout současné podávání léčiv, které chrání sliznici trávicího traktu.
 Zejména u pacientů s onemocněním pojiva (systémový lupus erythematodes a některé typy kolagenóz).
U pacientů s průduškovým astmatem.
Poškození jaterních funkcí je obvykle přechodné.
Léky ze skupiny nesteroidních protizánětlivých léčiv (mezi která Ibalgin 400 patří) mohou být spojeny s mírným zvýšením rizika srdečních nebo mozkových cévních příhod.
Jestliže se objeví kopřivka, náhle vzniklý otok kolem očí, pocit tísně na hrudníku nebo obtíže s dechem, dále bolesti v nadbřišku nebo poruchy vidění, případně při objevení se krvácení z trávicího traktu (zvracení krve nebo dočerna zbarvená stolice), přerušte užívání přípravku a okamžitě vyhledejte lékaře.
Hlášení nežádoucích účinků
Pokud se u Vás vyskytne kterýkoli z nežádoucích účinků, sdělte to svému lékaři nebo lékárníkovi. Stejně postupujte v případě jakýchkoli nežádoucích účinků, které nejsou uvedeny v této příbalové informaci. Nežádoucí účinky můžete hlásit také přímo na adresu:
Státní ústav pro kontrolu léčiv
Šrobárova 48
100 41 Praha 10
webové stránky: www.sukl.cz/nahlasit-nezadouci-ucinek
Nahlášením nežádoucích účinků můžete přispět k získání více informací o bezpečnosti tohoto přípravku. ";"Uchovávejte tento přípravek mimo dohled a dosah dětí.
Nepoužívejte tento přípravek po uplynutí doby použitelnosti uvedené na obalu. Doba použitelnosti se vztahuje k poslednímu dni uvedeného měsíce.
Blistr: Uchovávejte při teplotě do 25 °C v původním obalu, aby byl přípravek chráněn před světlem a vlhkostí.
Lahvička: Uchovávejte při teplotě do 25 °C v dobře uzavřené lahvičce, lahvičku uchovávejte v krabičce, aby byl přípravek chráněn před světlem a vlhkostí.
Nevyhazujte žádné léčivé přípravky do odpadních vod nebo domácího odpadu. Zeptejte se svého lékárníka, jak naložit s přípravky, které již nepoužíváte. Tato opatření pomáhají chránit životní prostředí.";"Co přípravek Ibalgin 400 obsahuje
Léčivou látkou je ibuprofenum 400 mg v 1 potahované tabletě.
Pomocnými látkami jsou kukuřičný škrob, předbobtnalý kukuřičný škrob, sodná sůl karboxymetylškrobu (typ C), kyselina stearová, mastek, koloidní bezvodý oxid křemičitý, hypromelóza 2910/3, makrogol 6000, oxid titaničitý (E171), sodná sůl erythrosinu (E127), simetikonová emulze SE 4.
Jak přípravek Ibalgin 400 vypadá a co obsahuje toto balení
Ibalgin 400 jsou růžové potahované tablety.
Velikost balení: 10, 12, 24, 30, 36, 48 a 100 potahovaných tablet.
Na trhu nemusí být všechny velikosti balení.
Držitel rozhodnutí o registraci a výrobce:
Zentiva, k. s., Praha, Česká republika
Tato příbalová informace byla naposledy revidována:
9.9.2016"
4;"Sinecod obsahuje léčivou látku butamirát-citrát, která patří do skupiny léků nazývaných antitusika – léky tlumící kašel.
Sinecod se používá k léčbě suchého, dráždivého kašle různého původu.
Bez porady s lékařem se přípravek užívá ke krátkodobé léčbě akutního kašle, např. při akutních infekcích horních a dolních cest dýchacích, průdušnice a průdušek.
U chronických onemocnění dýchacích cest provázených kašlem se přípravek užívá pouze na doporučení lékaře.
Přípravek Sinecod 0,5% perorální kapky, roztok mohou užívat děti od 2 měsíců.
Přípravek Sinecod 0,15% sirup mohou užívat dospělí, dospívající a děti od 3 let.";"Neužívejte Sinecod:
jestliže jste alergický/á na léčivou látku nebo na kteroukoli další složku tohoto přípravku (uvedenou v bodě 6).
Děti
Bez porady s lékařem nepodávejte Sinecod dětem mladším 2 let.
Další léčivé přípravky a Sinecod:
Neužívejte současně jiné léky na léčbu kašle (především léky podporující vykašlávání hlenu – tzv. expektorancia), neboť kombinace těchto léků může vést k hromadění hlenu v dýchacích cestách.
Informujte svého lékaře nebo lékárníka o všech lécích, které užíváte, nebo které jste v nedávné době užíval(a) včetně léků a doplňků stravy, které jsou k dostání bez lékařského předpisu.
Těhotenství a kojení:
Pokud jste těhotná nebo kojíte, domníváte se, že můžete být těhotná, nebo plánujete otěhotnět, poraďte se se svým lékařem nebo lékárníkem dříve, než začnete tento přípravek používat.
Jestliže jste těhotná nebo kojíte, neužívejte Sinecod, pokud Vám to nedoporučil Váš lékař.
Řízení dopravních prostředků a obsluha strojů
Sinecod může ve vzácných případech způsobit u některých lidí, že se stanou méně pozorní než obvykle.
Pokud se Vám toto stane, měli byste být opatrní, pokud řídíte nebo obsluhujete stroje. Vaše dítě by se mělo vyvarovat jízdy na kole nebo skútru, pokud používá Sinecod.
Přípravek Sinecod obsahuje sorbitol a ethanol.
Sorbitol (E 420): Pokud Vám Váš lékař řekl, že nesnášíte některé cukry, poraďte se se svým lékařem, než začnete tento přípravek užívat.
Ethanol: Tento léčivý přípravek obsahuje malé množství ethanolu (alkoholu), méně než 100 mg v jedné dávce.";"Vždy užívejte přípravek Sinecod přesně v souladu s příbalovou informací nebo podle pokynů svého lékaře nebo lékárníka. Pokud si nejste jistý(á), poraďte se se svým lékařem nebo lékárníkem.
Bez porady s lékařem se přípravek užívá ke krátkodobé léčbě akutního kašle (viz bod 1).
Doporučené dávkování je následující:
Použití u dětí:
Sinecod perorál ní kapky, roztok
Bez porady s lékařem nepodávejte Sinecod dětem mladším 2 let.
Děti od 2 měsíců do jednoho roku: 10 kapek 4krát denně
Děti 1-3 roky: 15 kapek 4krát denně
Děti starší než 3 roky: 25 kapek 4krát denně
Sinecod sirup (s odměr kou)
Děti 3-6 let: 5ml 3krát denně
Děti 6-12 let: 10ml 3krát denně
K odměření dávky použijte přiloženou odměrku.
Po každém použití umyjte a vysušte odměrku.
Dávkování pro dospělé a dospívající od 12 let:
Sinecod sirup
Dospívající starší 12 let: 15 ml 3krát denně
Dospělí: 15 ml 4krát denně
K odměření dávky použijte přiloženou odměrku.
Po každém použití umyjte a vysušte odměrku.
Pokud se u Vás příznaky zhorší či se nezlepší do 5 dnů (u dětí mladších 12 let do 3 dnů), poraďte se s lékařem.
Bez doporučení lékaře neužívejte Sinecod po dobu delší než 7 dní. Pokud během této doby nedojde k úplnému vymizení příznaků, nebo pokud je onemocnění doprovázeno horečkou nebo se objeví jakékoliv jiné obtíže, poraďte se s lékařem.
U chronických onemocnění provázených kašlem se přípravek užívá pouze na doporučení lékaře, který Vám sdělí, jakou dávku a jak dlouho máte přípravek užívat.
Jestliže jste užil(a) více přípravku Sinecod, než jste měl(a):
Jestliže jste užil(a) příliš mnoho přípravku, oznamte to okamžitě svému lékaři.
Jestliže jste zapomněl(a) užít přípravek Sinecod
Jestliže jste zapomněl(a) užít pravidelnou dávku přípravku, vezměte si ji, jakmile si vzpomenete. Nezdvojujte následující dávku, abyste nahradil(a) vynechanou dávku.";"Podobně jako všechny léky, může mít i tento přípravek nežádoucí účinky, které se ale nemusí vyskytnout u každého.
Následující nežádoucí účinky se mohou vyskytnout ve vzácných případech (mohou postihnout 1 až 10 pacientů z 10 000): ospalost, kožní vyrážka, nevolnost a průjem.
Tyto nežádoucí účinky by měly odeznít po snížení dávky nebo ukončení léčby. Pokud tyto účinky přetrvávají, přestaňte užívat Sinecod a poraďte se s lékařem nebo lékárníkem.
Hlášení nežádoucích účinků
Pokud se u Vás vyskytne kterýkoli z nežádoucích účinků, sdělte to svému lékaři nebo lékárníkovi. Stejně postupujte v případě jakýchkoli nežádoucích účinků, které nejsou uvedeny v této příbalové informaci.
Nežádoucí účinky můžete hlásit také přímo na adresu:
Státní ústav pro kontrolu léčiv, Šrobárova 48, 100 41, Praha 10, webové stránky: www.sukl.cz/nahlasit-nezadouci-ucinek
Nahlášením nežádoucího účinku můžete přispět k získání více informací o bezpečnosti tohoto přípravku.";"Uchovávejte tento přípravek mimo dohled a dosah dětí.
Uchovávejte při teplotě do 30°C v původním obalu.
Nepoužívejte tento přípravek po uplynutí doby použitelnosti uvedené na obalu. Doba použitelnosti se vztahuje k poslednímu dni uvedeného měsíce.
Nevyhazujte žádné léčivé přípravky do odpadních vod nebo domácího odpadu. Zeptejte se svého lékárníka, jak naložit s přípravky, které již nepoužíváte. Tato opatření pomáhají chránit životní prostředí.
Sinecod sirup: Nikdy nevracejte sirup z odměrky zpět do lahvičky";"Co Sinecod obsahuje
Sinecod, sirup
Léčivou látkou je butamirati citras 15 mg v 10 ml.
Pomocnými látkami jsou: sorbitol 70%, glycerol 85%, sodná sůl sacharinu, vanilin, kyselina benzoová, ethanol 95%, roztok hydroxidu sodného 300 g/l, čištěná voda.
Jak Sinecod vypadá a co obsahuje toto balení
Sinecod, sirup
Čirý, bezbarvý roztok.
Lékovka z hnědého skla s HDPE vložkou a pojistným uzávěrem, odměrka, krabička.
Velikost balení: 100 ml, 200 ml
Na trhu nemusí být všechny velikosti balení.
Držitel rozhodnutí o registraci
Novartis s.r.o., Praha, Česká republika
Výrobce:
Novartis s.r.o., Na Pankráci 1724/129, 140 00 Praha 4, Česká republika
Novartis Consumer Health GmbH, Zielstattstraβe 40, 81379 Mnichov, Německo
Tato příbalová informace byla naposledy revidována: 14.1.2016"
5;"Coldrex citron s medem je přípravek proti chřipce a nachlazení, který obsahuje tři léčivé látky :
paracetamol, lék proti bolesti a horečce, který odstraňuje bolesti v krku, bolesti hlavy, svalů i kloubů a snižuje horečku
fenylefrin, dekongestant (látka snižující zduření nosní sliznice) ze skupiny sympatomimetik, který uvolňuje ucpaný nos a vedlejší nosní dutiny a tím pomáhá ulehčit dýchání,
kyselinu askorbovou (vitamin C), obvyklou složku léků proti chřipce a nachlazení, která je obsažená v léku kvůli tomu, aby pomohla nahradit vitamín C, jehož množství může být v počátečních stádiích chřipky a nachlazení nedostatečné.
Coldrex horký nápoj citron s medem je vhodný pro dospělé a dospívající od 15 let (s hmotností nad 50 kg) k úlevě od nepříjemných příznaků chřipky a nachlazení. Coldrex citron s medem odstraňuje bolesti v krku, uvolňuje nos i vedlejší nosní dutiny, odstraňuje bolesti hlavy, svalů i kloubů, snižuje horečku a doplňuje vitamin C.
Tento přípravek je určen pouze pro pacienty, kteří mají příznaky chřipky nebo nachlazení doprovázené ucpaným nosem. Pokud pacienti nemají ucpaný nos, doporučuje se použití jiných léčivých přípravků.";"Neužívejte Coldrex horký nápoj citron s medem jestliže
jste alergický(á) na paracetamol, fenylefrin hydrochlorid, vitamin C nebo kteroukoli další složku tohoto přípravku (uvedenou v bodě 6)
máte některý z následujících zdravotních problémů: 
závažné onemocnění jater včetně akutní žloutenky, závažnou hemolytickou anemii (chudokrevnost z rozpadu červených krvinek), závažné zvýšení krevního tlaku, zvýšený nitrooční tlak (zelený zákal), užíváte nebo jste užíval(a) během posledních dvou týdnů léky známé jako inhibitory monoaminooxidázy (léky proti depresi)
Vzhledem k obsahu léčivých látek se nesmí podávat dětem a dospívajícím do 15 let.
Upozornění a opatření
Coldrex horký nápoj citron s medem obsahuje paracetamol. Neužívejte tento lék s jakýmkoli dalším lékem obsahujícím paracetamol.
Neužívejte tento přípravek bez doporučení lékaře pokud máte problémy s požíváním alkoholu a/nebo trpíte jaterním onemocněním.
Coldrex horký nápoj citron s medem obsahuje i dekongestant. Neužívejte tento lék s dalšími léky, které se používají na zmírnění chřipky, nachlazení nebo otoku nosní sliznice (ucpaného nosu).
Při užívání přípravku Coldrex horký nápoj citron s medem je třeba zvláštní opatrnosti jestliže:
Máte některý z následujících zdravotních problémů:
onemocnění jater nebo ledvin, vysoký krevní tlak, zvýšenou činnost štítné žlázy, zvětšenou prostatu, průduškové astma, cukrovku, onemocnění srdce, onemocnění postihující mozkové cévy, nedostatek enzymu glukózo-6-fosfát dehydrogenázy nebo hemolytickou anemii (chudokrevnost z rozpadu červených krvinek), užíváte tzv. tricyklická antidepresiva (léky proti depresi) nebo betablokátory (léky na snížení krevního tlaku a zpomalení srdeční činnosti), feochromocytom (nádor dřeně nadledvin), cévní onemocnění jako např Raynaudův fenomén (špatné prokrvení určitých oblastí těla např rukou), užíváte srdeční glykosidy (např. digoxin).
Pokud trpíte některým z výše uvedených onemocnění, poraďte se před užíváním přípravku Coldrex horký nápoj citron s medem s lékařem.
máte závažnou infekci, protože ta může zvyšovat riziko metabolické acidózy.
Příznaky metabolické acidózy zahrnují:
hluboké, zrychlené, obtížné dýchání 
nevolnost (pocit na zvracení), zvracení
ztrátu chuti k jídlu
Pokud se u Vás objeví kombinace těchto příznaků, neprodleně kontaktujte lékaře.
Coldrex horký nápoj citron s medem není určený k dlouhodobé léčbě.
Nesmíte překročit uvedenou dávku. Užívání vyšších než doporučených dávek může vést k riziku závažného poškození jater.
Další léčivé přípravky a přípravek Coldrex horký nápoj citron s medem:
Účinky přípravku Coldrex horký nápoj citron s medem a účinky jiných současně užívaných léků se mohou vzájemně ovlivňovat.
Pokud užíváte Coldrex horký nápoj citron s medem, neužívejte současně jiné přípravky na chřipku a nachlazení nebo dekongestanty, zejména jiné přípravky obsahující paracetamol.
Užívání přípravku s jakýmikoli souběžně užívanými léky je možné pouze po konzultaci s lékařem, neboť riziko postižení jater působením paracetamolu je zvýšené při současném užívání jiných léků, které mohou způsobovat poškození jater nebo léků indukujících jaterní mikrosomální enzymy, např. některé léky proti epilepsii, a dále je nutná konzultace lékaře při současném užívání warfarinu vzhledem k možnému riziku zvýšení krvácení.
Současné dlouhodobé užívání paracetamolu a kyseliny acetylsalicylové nebo dalších nesteroidních protizánětlivých přípravků (NSA) může vést k poškození ledvin.
Poraďte se s lékařem nebo lékárníkem jestliže užíváte metoklopramid nebo domperidon při nevolnosti a zvracení nebo cholestyramin ke snížení hladiny cholesterolu, zidovudin (k léčbě infekce HIV), isoniazid (k léčbě tuberkulózy), chloramfenikol (antibiotikum) nebo lamotrigin (k léčbě epilepsie).
Fenylefrin obsažený v přípravku může při kombinaci s některými léky proti depresi způsobit zvýšení krevního tlaku. Při společném užívání se srdečními glykosidy (např. digoxinem) může dojít ke zvýšení rizika nepravidelného srdečního rytmu nebo srdeční příhody.
Rovněž současné podávání s betablokátory (léky na snížení krevního tlaku a zpomalení srdeční činnosti) může snížením účinku těchto léčivých přípravků vést ke zvýšení krevního tlaku.
Informujte svého lékaře nebo lékárníka o všech lécích, které užíváte, které jste v nedávné době užíval(a) nebo které možná budete užívat. To se týká i léků, které jsou dostupné bez lékařského předpisu.
Užívání přípravku Coldrex horký nápoj citron s medem s jídlem, pitím a alkoholem.
Během léčby se nesmí konzumovat alkohol. Dlouhodobá konzumace alkoholu významně zvyšuje riziko poškození jater. Máte-li problémy s požíváním alkoholu, poraďte se před zahájením léčby s lékařem.
Přípravek se může podávat nezávisle na jídle. Užívání po jídle může vést ke sníženému účinku paracetamolu.
Těhotenství a kojení
Pokud jste těhotná nebo kojíte, domníváte se, že můžete být těhotná, nebo těhotenství plánujete, poraďte se se svým lékařem nebo lékárníkem dříve, než začnete tento přípravek užívat. Přípravek není vhodné užívat během těhotenství. Kojící ženy mohou přípravek užívat pouze na výslovné doporučení lékaře.
Řízení dopravních prostředků a obsluha strojů:
Coldrex horký nápoj citron s medem může způsobit závratě. Pokud vám přípravek způsobuje závratě, neměli byste řídit vozidlo nebo obsluhovat stroje.
Přípravek Coldrex horký nápoj citron s medem obsahuje aspartam, sodík a sacharózu
Obsahuje aspartam, který je zdrojem fenylalaninu. Může být škodlivý pro pacienty s fenylketonurií.
Obsahuje sacharózu. Pokud vám váš lékař řekl, že nesnášíte některé cukry, poraďte se s ním dříve, než začnete tento léčivý přípravek používat.
Přípravek obsahuje 0,12 g sodíku v jednom sáčku. Nutno vzít v úvahu u pacientů na dietě s nízkým obsahem sodíku.";"Vždy užívejte tento přípravek přesně podle pokynů svého lékaře nebo lékárníka. Pokud si nejste jistý(á), poraďte se se svým lékařem nebo lékárníkem.
Vysypte obsah sáčku do sklenice a přelijte velmi horkou vodou. Míchejte, dokud se prášek nerozpustí.
Podle chuti můžete přisladit medem nebo cukrem, případně dolít studenou vodou. Teplý nápoj vypijte.
Dospělí (včetně starších osob) a dospívající od 15 let (s hmotností nad 50 kg): 1 sáček až 4x denně.
Jednotlivé dávky užívejte vždy nejdříve po 4 hodinách. Neužívejte více než 4 sáčky za 24 hodin.
Nepřekračujte doporučené dávkování. Užívání vyšších než doporučených dávek může vést k riziku závažného poškození jater.
Pokud nedojde do 3 dnů ke zlepšení příznaků (horečka, bolest) nebo se naopak obtíže zhorší, vyskytnou se nové příznaky nebo neobvyklé reakce, poraďte se o další léčbě s lékařem.Tento lék neužívejte déle než 7 dnů neurčí-li lékař jinak.
Děti a dospívající mladší 15 let: Tento přípravek není určen pro děti a dospívající mladší 15 let.
Jestliže jste užil(a) Coldrexu citron s medem více, než jste měl(a):
V případě předávkování nebo náhodného požití přípravku dítětem vyhledejte ihned svého lékaře nebo nejbližší zdravotnické zařízení a řekněte mu přesně jaké množství přípravku jste užil(a). Ukažte jim použité balení a tuto příbalovou informaci. Předávkování paracetamolem může způsobit vážné poškození až selhání funkce jater. V případě předávkování je nezbytná okamžitá lékařská pomoc, i když nejsou přítomny žádné příznaky předávkování.
Jestliže jste zapomněl(a) užít Coldrex citron s medem:
Vezměte si jednu dávku když si vzpomenete. Nezdvojnásobujte následující dávku, abyste doplnil(a) vynechanou dávku. Neužívejte více než 1 dávku po 4 hodinách.";"Podobně jako všechny léky, může mít i tento přípravek nežádoucí účinky, které se ale nemusí projevit u každého.
Přestaňte užívat tento lék a okamžitě kontaktujte lékaře:
jestliže se u Vás objeví alergická reakce, jako je kožní vyrážka nebo svědění, někdy doprovázená obtížemi s dýcháním nebo otokem rtů, jazyka, hrdla nebo obličeje.
jestliže se u Vás objeví kožní vyrážka, olupování kůže nebo vředy v ústech.
jestliže se u Vás po užití kyseliny acetylsalicylové nebo jiných nesteroidních protizánětlivých léků objevily potíže s dýcháním a podobná reakce se objevila i po podání tohoto přípravku.
jestliže u Vás došlo k nevysvětlené tvorbě modřin.
Tyto nežádoucí účinky jsou vzácné (objevují se u 1 až 10 osob z 10 000).
Stejně postupujte i v případě:
jestliže máte neobvykle rychlou tepovou frekvenci nebo pocit neobvykle rychlé nebo nepravidelné srdeční činnosti.
jestliže máte potíže s močením. Ty se s větší pravděpodobností objeví u mužů s hypertrofií (zbytněním) prostaty.
Četnost těchto nežádoucích účinků není známa.
Velmi vzácně byly hlášeny případy závažných kožních reakcí (objevují se u méně než 1 osoby z 10 000).
Další nežádoucí účinky mohou zahrnovat:
Pocit na zvracení a zvracení, průjem, bolest břicha, pocení a abnormální výsledky jaterních testů, selhání jater nebo žloutenka, změny krevního obrazu (vzácné, objevují se u 1 až 10 osob z 10 000).
S neznámou četností se může objevit nervozita, bolest hlavy, závratě, potíže se spánkem, zvýšení krevního tlaku a rozšíření zorniček.
Hlášení nežádoucích účinků
Pokud se u Vás vyskytne kterýkoli z nežádoucích účinků, sdělte to svému lékaři nebo lékárníkovi.
Stejně postupujte v případě jakýchkoli nežádoucích účinků, které nejsou uvedeny v této příbalové informaci. Nežádoucí účinky můžete hlásit také přímo na adresu:
Státní ústav pro kontrolu léčiv
Šrobárova 48
100 41 Praha 10
webové stránky: www.sukl.cz/nahlasit-nezadouci-ucinek
Nahlášením nežádoucích účinků můžete přispět k získání více informací o bezpečnosti tohoto přípravku.";"Uchovávejte mimo dohled a dosah dětí.
Přípravek nepoužívejte po uplynutí doby použitelnosti vyznačené na obalu. Doba použitelnosti se vztahuje k poslednímu dni uvedeného měsíce.
Nepoužitelné léčivo vraťte do lékárny.
Tento léčivý přípravek nevyžaduje žádné zvláštní podmínky uchovávání.
Léčivé přípravky se nesmí vyhazovat do odpadních vod nebo domácího odpadu. Tato opatření pomáhají chránit životní prostředí.";"Co Coldrex horký nápoj citron s medem obsahuje
Léčivými látkami jsou v jednom sáčku:
Paracetamolum 750 mg
Phenylephrini hydrochloridum 10 mg
Acidum ascorbicum ethylcelluloso obductum 60 mg
(odpovídá acidum ascorbicum 58,5 mg)
Pomocnými látkami jsou:
Bezvodá kyselina citronová, sodná sůl sacharinu, dihydrát natrium-citrátu, citronové aroma v prášku, medové aroma v prášku, karamelové barvivo (E150), kukuřičný škrob, aspartam, sacharóza Jak vypadá
Coldrex horký nápoj citron s medem a co obsahuje toto balení 
Coldrex horký nápoj citron s medem je béžový až světle hnědý prášek pro perorální roztok s citrónovou a medovou vůní.
Dodává se v jednodávkových sáčcích, každý sáček obsahuje 5 g prášku. Sáčky jsou baleny po 20 nebo 30 kusech v krabičce.
Držitel rozhodnutí o registraci a výrobce
Držitel rozhodnutí o registraci
OMEGA PHARMA a.s.
Drážní 253/7
Slatina
627 00 Brno
Česká republika
Strana 6 (celkem 6)
e-mail: safety@omega-pharma.cz
Výrobce
SmithKline Beecham, S.A.
Alcala de Henares
Madrid
Španělsko
Tato příbalová informace byla naposledy schválena
2.12.2015"
